{
  "hero": {
    "title": "Your time. Expertly matched",
    "subtitle": "Get personalized guidance from world-class experts who've built the companies and careers you admire. Book 15-minute sessions that change everything.",
    "searchPlaceholder": "Search for your expertise, advice, coaching, mentorship",
    "primaryCta": "Find Your Expert",
    "secondaryCta": "Become an Expert"
  },
  "valuePropositions": [
    {
      "number": "01",
      "title": "Get perfectly matched",
      "description": "Our AI understands your goals and connects you with experts who've solved your exact challenges. No more guessing who can help."
    },
    {
      "number": "02", 
      "title": "Book instantly",
      "description": "See real results from past sessions, read detailed reviews, and book the perfect time slot. Your breakthrough is just clicks away."
    },
    {
      "number": "03",
      "title": "Get results that matter",
      "description": "Walk away with a clear action plan, insider knowledge, and the confidence to execute. Every session is designed for immediate impact."
    }
  ],
  "featuredSection": {
    "title": "Learn From The Best",
    "subtitle": "Get personalized advice and strategic insights from successful founders, seasoned executives, and proven innovators who've already built the companies, products, and careers you're dreaming of achieving",
    "experts": [
      {
        "id": "isabella-grace",
        "name": "Isabella Grace Harrington",
        "title": "Founder of TechNova",
        "rate": "$500/15min",
        "rating": 5.0,
        "reviewCount": 127,
        "image": "/portrait-1.avif",
        "badge": "Top Expert",
        "expertise": ["Tech Strategy", "Startup Scaling"],
        "bio": "Built and scaled TechNova from idea to $100M valuation. Expert in product-market fit and raising Series A-C funding."
      },
      {
        "id": "sophia-martinez",
        "name": "Sophia Martinez", 
        "title": "Founder of BloomWell Skincare",
        "rate": "$500/15min",
        "rating": 4.9,
        "reviewCount": 203,
        "image": "/portrait-2.webp", 
        "badge": "Top Expert",
        "expertise": ["E-commerce", "Brand Building"],
        "bio": "Bootstrapped BloomWell to $50M revenue. Expert in DTC marketing, brand strategy, and scaling operations."
      },
      {
        "id": "robin-grace",
        "name": "Robin Grace Harrington",
        "title": "VP Product at Microsoft",
        "rate": "$750/15min",
        "rating": 5.0,
        "reviewCount": 89,
        "image": "/portrait-3.avif",
        "badge": "Top Expert", 
        "expertise": ["Product Strategy", "Tech Leadership"],
        "bio": "Led product teams at Microsoft for 8+ years. Expert in product roadmaps, team management, and enterprise software."
      },
      {
        "id": "emily-carter",
        "name": "Emily Carter",
        "title": "CMO at DataFlow Inc",
        "rate": "$450/15min",
        "rating": 4.8,
        "reviewCount": 156,
        "image": "/portrait-4.avif",
        "badge": "Verified",
        "expertise": ["Marketing Strategy", "Growth Hacking"],
        "bio": "Built marketing teams that drove 10x growth at 3 startups. Expert in growth loops, conversion optimization, and paid acquisition."
      },
      {
        "id": "james-peterson",
        "name": "James Peterson",
        "title": "CTO at FinanceStream",
        "rate": "$600/15min",
        "rating": 4.9,
        "reviewCount": 174,
        "image": "/portrait-5.avif",
        "badge": "Top Expert",
        "expertise": ["Engineering Leadership", "System Architecture"],
        "bio": "Built scalable systems serving 100M+ users. Expert in cloud architecture, team scaling, and technical strategy."
      },
      {
        "id": "maya-patel",
        "name": "Maya Patel",
        "title": "Head of Sales at CloudCorp",
        "rate": "$400/15min",
        "rating": 4.7,
        "reviewCount": 198,
        "image": "/portrait-1.avif",
        "badge": "Verified",
        "expertise": ["Sales Strategy", "B2B Growth"],
        "bio": "Scaled sales teams from 5 to 50+ reps. Expert in enterprise sales, pipeline management, and revenue optimization."
      },
      {
        "id": "alex-chen",
        "name": "Alex Chen",
        "title": "Design Director at CreativeLabs",
        "rate": "$350/15min",
        "rating": 4.8,
        "reviewCount": 142,
        "image": "/portrait-2.webp",
        "badge": "Verified",
        "expertise": ["UX Design", "Design Systems"],
        "bio": "Led design for award-winning products used by millions. Expert in user research, design systems, and product strategy."
      },
      {
        "id": "david-rodriguez",
        "name": "David Rodriguez",
        "title": "VP Operations at LogisticsPro",
        "rate": "$425/15min",
        "rating": 4.9,
        "reviewCount": 167,
        "image": "/portrait-3.avif",
        "badge": "Top Expert",
        "expertise": ["Operations", "Process Optimization"],
        "bio": "Optimized operations for billion-dollar companies. Expert in lean methodology, supply chain, and operational efficiency."
      }
    ]
  },
  "categories": [
    {
      "id": "business-startups",
      "name": "Business & Startups",
      "image": "/api/placeholder/80/80",
      "expertCount": 234
    },
    {
      "id": "technology",
      "name": "Technology & Innovation", 
      "image": "/api/placeholder/80/80",
      "expertCount": 187
    },
    {
      "id": "design",
      "name": "Design & Creativity",
      "image": "/api/placeholder/80/80", 
      "expertCount": 156
    },
    {
      "id": "marketing",
      "name": "Marketing & Growth",
      "image": "/api/placeholder/80/80",
      "expertCount": 203
    },
    {
      "id": "finance",
      "name": "Finance & Economics",
      "image": "/api/placeholder/80/80",
      "expertCount": 98
    },
    {
      "id": "health",
      "name": "Health & Wellness", 
      "image": "/api/placeholder/80/80",
      "expertCount": 67
    }
  ],
  "ctaSection": {
    "title": "Your Next Breakthrough Awaits",
    "subtitle": "Join thousands of ambitious professionals who've accelerated their success with expert guidance. Stop wondering 'what if' and start making it happen. Your perfect expert is waiting.",
    "description": "",
    "buttonText": "Find Your Expert Now",
    "backgroundImage": "/api/placeholder/800/400",
    "newsletter": {
      "title": "Stay Ahead of the Curve",
      "description": "Get weekly insights, expert tips, and early access to new features delivered to your inbox.",
      "emailPlaceholder": "Enter your email address",
      "buttonText": "Subscribe",
      "disclaimer": "No spam, unsubscribe anytime. We respect your privacy."
    }
  },
  "stats": {
    "experts": "1,000+",
    "sessions": "10,000+", 
    "satisfaction": "4.9/5",
    "countries": "25+"
  },
  "reviews": {
    "title": "Success Stories",
    "subtitle": "Real breakthroughs from real people who took action with expert guidance",
    "testimonials": [
      {
        "id": 1,
        "name": "Alex Chen",
        "title": "Product Manager at Stripe",
        "rating": 5,
        "text": "One 15-minute session gave me the exact framework I needed. Landed my dream PM role at Stripe within 2 months.",
        "image": "/api/placeholder/60/60"
      },
      {
        "id": 2,
        "name": "Sarah Williams",
        "title": "Startup Founder",
        "rating": 5,
        "text": "My expert walked me through their actual pitch deck. We closed our $2M Series A using their exact strategy.",
        "image": "/api/placeholder/60/60"
      },
      {
        "id": 3,
        "name": "Michael Rodriguez",
        "title": "UX Designer",
        "rating": 5,
        "text": "They showed me what top-tier portfolios really look like. Got callbacks from Google, Apple, and Figma in one week.",
        "image": "/api/placeholder/60/60"
      },
      {
        "id": 4,
        "name": "Jessica Thompson",
        "title": "Marketing Director",
        "rating": 5,
        "text": "The growth strategies they shared transformed our conversion rate from 2% to 8% in just 3 weeks.",
        "image": "/api/placeholder/60/60"
      },
      {
        "id": 5,
        "name": "David Park",
        "title": "Software Engineer",
        "rating": 5,
        "text": "Finally understood system design after years of struggling. Passed my Google interview on the first try.",
        "image": "/api/placeholder/60/60"
      },
      {
        "id": 6,
        "name": "Emily Foster",
        "title": "Sales Manager",
        "rating": 5,
        "text": "Their closing techniques increased my deal size by 40%. Best investment I've ever made in my career.",
        "image": "/api/placeholder/60/60"
      },
      {
        "id": 7,
        "name": "James Wilson",
        "title": "Startup Founder",
        "rating": 5,
        "text": "They helped me avoid critical mistakes that would have cost us months. We launched 6 weeks ahead of schedule.",
        "image": "/api/placeholder/60/60"
      },
      {
        "id": 8,
        "name": "Rachel Green",
        "title": "Product Designer",
        "rating": 5,
        "text": "Learned design thinking frameworks that instantly improved my user research process. Promotion followed within 2 months.",
        "image": "/api/placeholder/60/60"
      },
      {
        "id": 9,
        "name": "Kevin Martinez",
        "title": "Business Analyst",
        "rating": 5,
        "text": "The financial modeling techniques they taught me landed me a role at Goldman Sachs. Incredible ROI.",
        "image": "/api/placeholder/60/60"
      },
      {
        "id": 10,
        "name": "Lisa Chang",
        "title": "HR Director",
        "rating": 5,
        "text": "Their talent acquisition strategies helped us hire top-tier candidates 3x faster. Game-changing insights.",
        "image": "/api/placeholder/60/60"
      },
      {
        "id": 11,
        "name": "Robert Taylor",
        "title": "Tech Lead",
        "rating": 5,
        "text": "They showed me how to lead technical teams effectively. My team's velocity increased by 60% in one quarter.",
        "image": "/api/placeholder/60/60"
      },
      {
        "id": 12,
        "name": "Amanda Lewis",
        "title": "Content Strategist",
        "rating": 5,
        "text": "The content frameworks they shared helped us grow from 10K to 100K followers in 4 months. Absolutely incredible.",
        "image": "/api/placeholder/60/60"
      }
    ]
  }
}